{"cameraMode":{"drawMode":0,"name":"Shaded","section":"Shading Mode"},"sceneLighting":false,"audioPlay":false,"sceneViewState":{"showFog":true,"showMaterialUpdate":false,"showSkybox":true,"showFlares":true,"showImageEffects":true,"showParticleSystems":true},"in2DMode":false,"pivot":{"x":0.3619999885559082,"y":-0.12454162538051605,"z":-0.7776283025741577},"rotation":{"x":-0.16011759638786317,"y":-0.06126986816525459,"z":0.009956696070730687,"w":-0.9851442575454712},"size":2.402416229248047,"orthographic":false}