{"cameraMode":{"drawMode":0,"name":"Shaded","section":"Shading Mode"},"sceneLighting":false,"audioPlay":false,"sceneViewState":{"showFog":true,"showMaterialUpdate":false,"showSkybox":true,"showFlares":true,"showImageEffects":true,"showParticleSystems":true},"in2DMode":false,"pivot":{"x":0.03605416417121887,"y":-0.006697982549667358,"z":0.024311374872922899},"rotation":{"x":-0.26769471168518069,"y":0.6004862189292908,"z":-0.22337639331817628,"w":-0.7196241617202759},"size":0.4595196843147278,"orthographic":false}