{"cameraMode":{"drawMode":0,"name":"Shaded","section":"Shading Mode"},"sceneLighting":false,"audioPlay":false,"sceneViewState":{"showFog":true,"showMaterialUpdate":false,"showSkybox":true,"showFlares":true,"showImageEffects":true,"showParticleSystems":true},"in2DMode":false,"pivot":{"x":0.18948157131671906,"y":-0.04200407862663269,"z":0.08869524300098419},"rotation":{"x":-0.42829468846321108,"y":-0.04254111647605896,"z":0.02019006945192814,"w":-0.9024114012718201},"size":0.45674020051956179,"orthographic":false}