{"cameraMode":{"drawMode":0,"name":"Shaded","section":"Shading Mode"},"sceneLighting":false,"audioPlay":false,"sceneViewState":{"showFog":true,"showMaterialUpdate":false,"showSkybox":true,"showFlares":true,"showImageEffects":true,"showParticleSystems":true},"in2DMode":false,"pivot":{"x":0.0,"y":1.5558058711985838e-15,"z":0.03981734812259674},"rotation":{"x":-0.2752203345298767,"y":0.4323292076587677,"z":-0.14045920968055726,"w":-0.8471224904060364},"size":0.456740140914917,"orthographic":false}