{"cameraMode":{"drawMode":0,"name":"Shaded","section":"Shading Mode"},"sceneLighting":false,"audioPlay":false,"sceneViewState":{"showFog":true,"showMaterialUpdate":false,"showSkybox":true,"showFlares":true,"showImageEffects":true,"showParticleSystems":true},"in2DMode":false,"pivot":{"x":-1.9867312908172608,"y":0.1278415322303772,"z":-0.965884804725647},"rotation":{"x":-0.1337089240550995,"y":-0.011012421920895577,"z":0.001484450651332736,"w":-0.9909583330154419},"size":1.871469497680664,"orthographic":false}