{"cameraMode":{"drawMode":0,"name":"Shaded","section":"Shading Mode"},"sceneLighting":false,"audioPlay":false,"sceneViewState":{"showFog":true,"showMaterialUpdate":false,"showSkybox":true,"showFlares":true,"showImageEffects":true,"showParticleSystems":true},"in2DMode":false,"pivot":{"x":-1.97901451587677,"y":0.15972894430160523,"z":-0.9482052326202393},"rotation":{"x":-0.15282803773880006,"y":0.2713102102279663,"z":-0.04368087276816368,"w":-0.9492768049240112},"size":3.371469259262085,"orthographic":false}